0001.HK,L和
0002.HK,中控股
0003.HK,香港中A煤
0004.HK,九}集F
0005.HK,RS控股
0006.HK,能I
0011.HK,a生y行
0012.HK,a基地a
0016.HK,新基地a
0017.HK,新世界l展
0019.HK,太古股份公司Α
0023.HK,|y行
0027.HK,y河
0066.HK,港F公司
0083.HK,信和置I
0101.HK,a隆地a
0135.HK,昆瞿茉
0144.HK,招商局H
0151.HK,中旺旺
0267.HK,中信股份
0293.HK,泰航空
0322.HK,康傅控股
0386.HK,中石油化工股份
0388.HK,香港交易所
0494.HK,利S
0688.HK,中海外l展
0700.HK,v控股
0762.HK,中通
0823.HK,I展房a基金
0836.HK,A力
0857.HK,中石油股份
0883.HK,中海洋石油
0939.HK,建Oy行
0941.HK,中移
0992.HK,想集F
1038.HK,L江基建集F
1044.HK,a安H
1088.HK,中神A
1109.HK,A置地
1113.HK,L地a
1299.HK,友邦保U
1398.HK,工商y行
1880.HK,百H
1928.HK,金沙中有限公司
2318.HK,中平安
2319.HK,蒙牛乳I
2388.HK,中y香港
2628.HK,中人
3328.HK,交通y行
3988.HK,中y行
